INCIDENT_KEY,OCCUR_DATE,OCCUR_TIME,BORO,PRECINCT,JURISDICTION_CODE,LOCATION_DESC,STATISTICAL_MURDER_FLAG,PERP_AGE_GROUP,PERP_SEX,PERP_RACE,VIC_AGE_GROUP,VIC_SEX,VIC_RACE,X_COORD_CD,Y_COORD_CD,Latitude,Longitude
184659172,06/30/2018 12:00:00 AM,23:41:00,BROOKLYN,75,0,PVT HOUSE                     ,false,,,,25-44,M,BLACK,1020263,184219,40.672250312,-73.870176252
184630196,06/30/2018 12:00:00 AM,21:13:00,BRONX,46,0,MULTI DWELL - APT BUILD       ,true,25-44,M,WHITE HISPANIC,25-44,M,WHITE HISPANIC,1007705,249266,40.850829671,-73.915220281
184659566,06/30/2018 12:00:00 AM,16:16:00,BROOKLYN,71,0,MULTI DWELL - APT BUILD       ,false,,,,45-64,F,BLACK,1001356,179536,40.659453238,-73.938346956
184659566,06/30/2018 12:00:00 AM,16:16:00,BROOKLYN,71,0,MULTI DWELL - APT BUILD       ,false,,,,18-24,M,BLACK,1001356,179536,40.659453238,-73.938346956
184630194,06/30/2018 12:00:00 AM,03:33:00,BROOKLYN,83,0,COMMERCIAL BLDG               ,false,25-44,M,BLACK,25-44,M,BLACK,1008055,188857,40.685021811,-73.914169108
184630194,06/30/2018 12:00:00 AM,03:33:00,BROOKLYN,83,0,COMMERCIAL BLDG               ,true,25-44,M,BLACK,25-44,M,BLACK,1008055,188857,40.685021811,-73.914169108
184659563,06/30/2018 12:00:00 AM,01:35:00,BROOKLYN,73,2,MULTI DWELL - PUBLIC HOUS     ,false,,,,25-44,M,BLACK HISPANIC,1009550,181844,40.665768566,-73.908805
184659565,06/29/2018 12:00:00 AM,23:45:00,BROOKLYN,75,2,MULTI DWELL - PUBLIC HOUS     ,false,,,,18-24,M,BLACK,1019404,182905,40.668647132,-73.873279756
184574832,06/28/2018 12:00:00 AM,22:57:00,QUEENS,107,0,,false,,,,25-44,M,BLACK,1034907,196314,40.705376561,-73.817294503
184574834,06/28/2018 12:00:00 AM,21:30:00,BROOKLYN,75,0,,true,,,,25-44,M,BLACK,1018081,185046,40.674528847,-73.878038101
184531630,06/27/2018 12:00:00 AM,15:12:00,QUEENS,114,2,MULTI DWELL - PUBLIC HOUS     ,false,25-44,M,BLACK,25-44,M,BLACK,998644,214588,40.755667508,-73.948046783
184440039,06/26/2018 12:00:00 AM,03:00:00,QUEENS,114,2,MULTI DWELL - PUBLIC HOUS     ,false,,,,25-44,M,BLACK,999585,214041,40.754164551,-73.944651523
184430739,06/25/2018 12:00:00 AM,19:02:00,BROOKLYN,88,0,,false,25-44,M,BLACK,25-44,F,BLACK,991691,188794,40.684877773,-73.973171916
184396803,06/24/2018 12:00:00 AM,23:02:00,BROOKLYN,81,0,,false,,,,18-24,M,BLACK,1005319,190473,40.689464295,-73.92402909
184396803,06/24/2018 12:00:00 AM,23:02:00,BROOKLYN,81,0,,true,,,,18-24,M,BLACK,1005319,190473,40.689464295,-73.92402909
184396803,06/24/2018 12:00:00 AM,23:02:00,BROOKLYN,81,0,,false,,,,25-44,M,BLACK,1005319,190473,40.689464295,-73.92402909
184396803,06/24/2018 12:00:00 AM,23:02:00,BROOKLYN,81,0,,true,,,,25-44,M,BLACK,1005319,190473,40.689464295,-73.92402909
184396805,06/24/2018 12:00:00 AM,05:06:00,BRONX,41,0,,true,18-24,M,BLACK,25-44,M,BLACK HISPANIC,1012957,237773,40.819269208,-73.89628544
184396811,06/24/2018 12:00:00 AM,03:51:00,BROOKLYN,71,0,,false,25-44,M,BLACK,25-44,M,BLACK,1003742,182918,40.668731148,-73.929737415
184396813,06/24/2018 12:00:00 AM,02:50:00,QUEENS,107,2,MULTI DWELL - PUBLIC HOUS     ,false,25-44,M,BLACK,25-44,M,BLACK,1036428,206136,40.732326694,-73.811732522
184396806,06/23/2018 12:00:00 AM,23:35:00,MANHATTAN,5,2,MULTI DWELL - PUBLIC HOUS     ,false,25-44,M,BLACK HISPANIC,18-24,F,BLACK,984492,198617,40.711842747,-73.999128529
184396806,06/23/2018 12:00:00 AM,23:35:00,MANHATTAN,5,2,MULTI DWELL - PUBLIC HOUS     ,false,25-44,M,BLACK HISPANIC,18-24,M,BLACK,984492,198617,40.711842747,-73.999128529
184396807,06/23/2018 12:00:00 AM,04:18:00,BROOKLYN,71,0,,false,,,,25-44,M,BLACK,1001335,179794,40.660161432,-73.938421992
184396809,06/23/2018 12:00:00 AM,03:42:00,QUEENS,103,0,,false,18-24,M,BLACK HISPANIC,18-24,M,WHITE HISPANIC,1038016,193576,40.697843065,-73.806103023
184396809,06/23/2018 12:00:00 AM,03:42:00,QUEENS,103,0,,false,18-24,M,BLACK HISPANIC,25-44,M,WHITE HISPANIC,1038016,193576,40.697843065,-73.806103023
184396808,06/23/2018 12:00:00 AM,00:09:00,BROOKLYN,79,2,MULTI DWELL - PUBLIC HOUS     ,false,,,,18-24,M,WHITE HISPANIC,997242,193691,40.698312502,-73.953147596
184396812,06/22/2018 12:00:00 AM,20:44:00,BRONX,44,2,MULTI DWELL - PUBLIC HOUS     ,false,,,,25-44,M,BLACK,1007174,239543,40.824144257,-73.917172879
184396814,06/22/2018 12:00:00 AM,19:24:00,BROOKLYN,75,0,,false,,,,25-44,M,WHITE HISPANIC,1017119,183909,40.671411663,-73.881511724
184396810,06/22/2018 12:00:00 AM,18:32:00,BROOKLYN,67,0,,false,18-24,M,BLACK,25-44,M,BLACK,999472,168974,40.630466265,-73.945161212
184246883,06/21/2018 12:00:00 AM,23:36:00,STATEN ISLAND,120,0,,false,25-44,M,BLACK,25-44,M,BLACK,961645,164277,40.617558217,-74.081424629
184246885,06/21/2018 12:00:00 AM,20:10:00,BROOKLYN,79,2,MULTI DWELL - PUBLIC HOUS     ,false,,,,25-44,M,BLACK,998368,189350,40.686395734,-73.949095931
184246884,06/21/2018 12:00:00 AM,18:40:00,BROOKLYN,69,0,,false,18-24,M,BLACK,25-44,M,BLACK,1006887,171672,40.637855856,-73.918438189
184246884,06/21/2018 12:00:00 AM,18:40:00,BROOKLYN,69,0,,false,25-44,M,BLACK,25-44,M,BLACK,1006887,171672,40.637855856,-73.918438189
184246882,06/21/2018 12:00:00 AM,09:46:00,BRONX,43,0,,true,45-64,M,BLACK,45-64,F,WHITE HISPANIC,1026268,237961,40.81973193,-73.848192804
184246882,06/21/2018 12:00:00 AM,09:46:00,BRONX,43,0,,true,45-64,M,BLACK,25-44,M,BLACK,1026268,237961,40.81973193,-73.848192804
184156175,06/20/2018 12:00:00 AM,04:17:00,QUEENS,105,0,,false,25-44,M,BLACK,25-44,M,BLACK,1054933,186314,40.677791674,-73.745171076
184156469,06/19/2018 12:00:00 AM,23:03:00,BRONX,40,2,MULTI DWELL - PUBLIC HOUS     ,false,,,,18-24,M,BLACK,1005273,233479,40.807505007,-73.924060528
184156177,06/19/2018 12:00:00 AM,18:15:00,BROOKLYN,75,2,MULTI DWELL - PUBLIC HOUS     ,false,25-44,M,BLACK,25-44,M,BLACK,1021548,183085,40.669132419,-73.86555017
184156174,06/19/2018 12:00:00 AM,16:06:00,BRONX,49,0,,true,18-24,M,BLACK HISPANIC,18-24,M,WHITE HISPANIC,1021208,246602,40.843471589,-73.866426662
184156174,06/19/2018 12:00:00 AM,16:06:00,BRONX,49,0,,true,25-44,M,WHITE HISPANIC,18-24,M,WHITE HISPANIC,1021208,246602,40.843471589,-73.866426662
184156470,06/19/2018 12:00:00 AM,00:30:00,BRONX,46,2,MULTI DWELL - PUBLIC HOUS     ,false,,,,18-24,M,WHITE HISPANIC,1008176,249832,40.852381909,-73.913515771
184102923,06/18/2018 12:00:00 AM,21:46:00,MANHATTAN,30,2,MULTI DWELL - PUBLIC HOUS     ,false,,,,25-44,M,BLACK,999961,242122,40.83123865,-73.94322871
184102924,06/18/2018 12:00:00 AM,16:05:00,BRONX,44,0,,false,,,,25-44,M,BLACK HISPANIC,1005596,243543,40.835127063,-73.922861751
184058010,06/17/2018 12:00:00 AM,23:25:00,BRONX,45,0,,false,,,,25-44,M,BLACK,1030210,257648,40.873747232,-73.833815677
184058458,06/17/2018 12:00:00 AM,20:36:00,BROOKLYN,71,0,,false,25-44,M,BLACK,18-24,M,BLACK,1001272,180870,40.663114936,-73.938646346
184058458,06/17/2018 12:00:00 AM,20:36:00,BROOKLYN,71,0,,false,25-44,M,BLACK,25-44,M,BLACK,1001272,180870,40.663114936,-73.938646346
184058461,06/17/2018 12:00:00 AM,04:36:00,BROOKLYN,90,0,,false,,,,25-44,M,BLACK,995734,197465,40.708673331,-73.958579553
184058460,06/17/2018 12:00:00 AM,03:47:00,MANHATTAN,6,0,BAR/NIGHT CLUB                ,false,UNKNOWN,M,BLACK,25-44,M,BLACK,984234,204728,40.728615975,-74.000059175
184058457,06/17/2018 12:00:00 AM,03:41:00,QUEENS,114,2,,false,25-44,M,BLACK,18-24,M,BLACK,1001899,221194,40.773793373,-73.936280628
184058457,06/17/2018 12:00:00 AM,03:41:00,QUEENS,114,2,,false,25-44,M,BLACK,25-44,M,BLACK,1001899,221194,40.773793373,-73.936280628
184058009,06/17/2018 12:00:00 AM,00:22:00,BROOKLYN,83,0,,true,45-64,M,BLACK,25-44,M,BLACK,1002432,193922,40.698937402,-73.934429961
184058459,06/16/2018 12:00:00 AM,23:15:00,BROOKLYN,79,2,MULTI DWELL - PUBLIC HOUS     ,false,,,,18-24,M,BLACK,997242,193691,40.698312502,-73.953147596
184058462,06/16/2018 12:00:00 AM,22:33:00,QUEENS,103,2,MULTI DWELL - PUBLIC HOUS     ,false,25-44,M,BLACK,25-44,M,BLACK,1041521,192400,40.694593238,-73.79347285
184058011,06/16/2018 12:00:00 AM,00:55:00,BROOKLYN,73,2,MULTI DWELL - PUBLIC HOUS     ,false,25-44,M,BLACK,18-24,M,BLACK,1010838,181519,40.664872739,-73.904163557
183867923,06/14/2018 12:00:00 AM,21:41:00,BRONX,47,0,,false,25-44,M,WHITE HISPANIC,25-44,M,WHITE HISPANIC,1021271,257055,40.87216165,-73.866141235
183867924,06/14/2018 12:00:00 AM,21:29:00,BROOKLYN,73,2,MULTI DWELL - PUBLIC HOUS     ,false,,,,18-24,M,BLACK,1009656,181287,40.664239422,-73.908425011
183826155,06/13/2018 12:00:00 AM,22:54:00,QUEENS,105,0,,false,18-24,M,BLACK,25-44,M,UNKNOWN,1054505,186495,40.678291883,-73.746712231
183779764,06/13/2018 12:00:00 AM,00:55:00,BRONX,52,0,,false,,,,25-44,M,BLACK,1014487,254336,40.864724674,-73.890683006
183780930,06/13/2018 12:00:00 AM,00:52:00,MANHATTAN,32,0,,true,18-24,M,BLACK,25-44,M,BLACK,1001159,240259,40.826123035,-73.938904354
183779765,06/13/2018 12:00:00 AM,00:06:00,MANHATTAN,33,0,,false,,,,18-24,F,BLACK,1000354,242831,40.833183943,-73.941806877
183729039,06/12/2018 12:00:00 AM,00:55:00,BRONX,44,0,,false,,,,25-44,M,BLACK,1003984,243824,40.835902076,-73.928686331
183729039,06/12/2018 12:00:00 AM,00:55:00,BRONX,44,0,,false,,,,25-44,M,BLACK HISPANIC,1003984,243824,40.835902076,-73.928686331
183729039,06/12/2018 12:00:00 AM,00:55:00,BRONX,44,0,,false,,,,25-44,M,WHITE HISPANIC,1003984,243824,40.835902076,-73.928686331
183729038,06/11/2018 12:00:00 AM,16:42:00,STATEN ISLAND,120,0,,false,18-24,M,WHITE HISPANIC,18-24,M,BLACK,960129,170948,40.635864708,-74.086909096
183698484,06/11/2018 12:00:00 AM,03:29:00,QUEENS,103,0,,true,,,,45-64,M,BLACK,1038501,193009,40.696283825,-73.804358521
183690692,06/10/2018 12:00:00 AM,00:28:00,BROOKLYN,67,0,,true,,,,18-24,M,BLACK,999446,176471,40.651043968,-73.945237998
183690691,06/09/2018 12:00:00 AM,22:20:00,BRONX,48,0,,false,18-24,M,BLACK,25-44,F,WHITE HISPANIC,1016598,249443,40.851287381,-73.883074546
183690691,06/09/2018 12:00:00 AM,22:20:00,BRONX,48,0,,true,18-24,M,BLACK,25-44,F,WHITE HISPANIC,1016598,249443,40.851287381,-73.883074546
183690691,06/09/2018 12:00:00 AM,22:20:00,BRONX,48,0,,false,18-24,M,BLACK,25-44,M,WHITE HISPANIC,1016598,249443,40.851287381,-73.883074546
183690691,06/09/2018 12:00:00 AM,22:20:00,BRONX,48,0,,true,18-24,M,BLACK,25-44,M,WHITE HISPANIC,1016598,249443,40.851287381,-73.883074546
183690690,06/09/2018 12:00:00 AM,03:41:00,QUEENS,103,0,,false,,,,25-44,M,BLACK,1042635,195513,40.703130395,-73.789428614
183690688,06/09/2018 12:00:00 AM,03:24:00,BROOKLYN,73,0,,false,,,,25-44,M,BLACK,1005740,182009,40.666231521,-73.922538001
184431140,06/09/2018 12:00:00 AM,02:37:00,MANHATTAN,32,0,,true,18-24,M,BLACK,25-44,M,BLACK,999359,235517,40.813110844,-73.945418948
183691056,06/08/2018 12:00:00 AM,22:08:00,MANHATTAN,34,0,GROCERY/BODEGA                ,false,25-44,M,UNKNOWN,25-44,M,UNKNOWN,1003466,248449,40.84859749,-73.930545037
183690689,06/08/2018 12:00:00 AM,11:16:00,MANHATTAN,23,2,MULTI DWELL - PUBLIC HOUS     ,false,25-44,M,BLACK,25-44,M,BLACK,999243,227082,40.789959275,-73.945856841
183610025,06/07/2018 12:00:00 AM,22:35:00,BROOKLYN,70,0,MULTI DWELL - APT BUILD       ,true,18-24,M,WHITE HISPANIC,18-24,M,ASIAN / PACIFIC ISLANDER,995107,175859,40.649370543,-73.960875898
183609561,06/07/2018 12:00:00 AM,17:14:00,BRONX,44,0,,false,,,,<18,F,BLACK,1004689,243518,40.835060591,-73.926139521
183609561,06/07/2018 12:00:00 AM,17:14:00,BRONX,44,0,,false,,,,18-24,M,WHITE HISPANIC,1004689,243518,40.835060591,-73.926139521
183583891,06/07/2018 12:00:00 AM,13:12:00,MANHATTAN,32,0,MULTI DWELL - APT BUILD       ,false,25-44,M,BLACK,25-44,M,UNKNOWN,1000965,240134,40.825780315,-73.939605643
183583892,06/07/2018 12:00:00 AM,12:15:00,BROOKLYN,66,0,MULTI DWELL - APT BUILD       ,false,,,,<18,F,ASIAN / PACIFIC ISLANDER,983041,171997,40.638776753,-74.004357643
183583892,06/07/2018 12:00:00 AM,12:15:00,BROOKLYN,66,0,MULTI DWELL - APT BUILD       ,false,,,,18-24,M,ASIAN / PACIFIC ISLANDER,983041,171997,40.638776753,-74.004357643
183565220,06/06/2018 12:00:00 AM,00:13:00,BRONX,46,0,MULTI DWELL - APT BUILD       ,true,18-24,M,BLACK,25-44,M,BLACK,1006333,249457,40.851357448,-73.920178923
183475182,06/05/2018 12:00:00 AM,02:25:00,QUEENS,105,0,,false,,,,UNKNOWN,M,ASIAN / PACIFIC ISLANDER,1057686,199200,40.713138187,-73.735105377
183435824,06/03/2018 12:00:00 AM,21:15:00,BROOKLYN,69,2,MULTI DWELL - PUBLIC HOUS     ,false,18-24,M,BLACK,<18,M,BLACK,1015351,169679,40.632359823,-73.887950809
183435828,06/03/2018 12:00:00 AM,04:29:00,QUEENS,105,0,,true,18-24,M,BLACK,25-44,M,BLACK,1058858,196612,40.706024967,-73.730906479
183435826,06/02/2018 12:00:00 AM,23:10:00,BROOKLYN,81,2,MULTI DWELL - PUBLIC HOUS     ,false,,,,<18,M,BLACK,1004945,186897,40.679649876,-73.925388672
183436386,06/02/2018 12:00:00 AM,21:04:00,BRONX,48,0,,true,<18,M,WHITE HISPANIC,<18,F,BLACK,1017691,246916,40.844347445,-73.879136334
183435825,06/02/2018 12:00:00 AM,03:36:00,BRONX,48,0,MULTI DWELL - APT BUILD       ,false,25-44,M,WHITE HISPANIC,UNKNOWN,M,BLACK,1015116,249718,40.85204748,-73.888430195
183435827,06/02/2018 12:00:00 AM,00:41:00,BROOKLYN,79,2,MULTI DWELL - PUBLIC HOUS     ,false,<18,M,BLACK,25-44,M,BLACK,1001139,192775,40.695791716,-73.939095905
183308090,05/30/2018 12:00:00 AM,23:45:00,BROOKLYN,75,2,MULTI DWELL - PUBLIC HOUS     ,false,18-24,M,BLACK,45-64,M,BLACK,1017184,179927,40.660481724,-73.881296857
183308091,05/30/2018 12:00:00 AM,15:59:00,MANHATTAN,32,2,MULTI DWELL - PUBLIC HOUS     ,false,,,,25-44,M,BLACK,999874,238251,40.820614011,-73.943552104
183261241,05/29/2018 12:00:00 AM,21:35:00,MANHATTAN,34,0,,false,,,,25-44,M,UNKNOWN,1003363,251411,40.856727523,-73.930908887
183231195,05/29/2018 12:00:00 AM,09:30:00,BRONX,40,0,,false,,,,25-44,M,BLACK,1003990,235570,40.81324718,-73.92868893
183231196,05/29/2018 12:00:00 AM,01:00:00,BROOKLYN,73,0,,false,,,,18-24,M,BLACK,1008850,179962,40.660604867,-73.911335086
183217905,05/28/2018 12:00:00 AM,21:05:00,BROOKLYN,81,0,,false,25-44,M,BLACK,25-44,M,WHITE HISPANIC,1006927,186074,40.677386072,-73.918245636
183217906,05/28/2018 12:00:00 AM,20:03:00,QUEENS,105,0,,false,,,,18-24,M,BLACK,1052556,180447,40.66170679,-73.753800175
183217907,05/28/2018 12:00:00 AM,16:02:00,MANHATTAN,32,0,,false,25-44,M,BLACK,45-64,F,WHITE HISPANIC,1001250,237934,40.819741394,-73.938581434
183217907,05/28/2018 12:00:00 AM,16:02:00,MANHATTAN,32,0,,false,25-44,M,BLACK,18-24,M,BLACK,1001250,237934,40.819741394,-73.938581434
183217908,05/28/2018 12:00:00 AM,14:06:00,QUEENS,113,0,,false,25-44,M,BLACK,25-44,M,BLACK,1041947,187128,40.680120078,-73.791981776
183217904,05/28/2018 12:00:00 AM,11:15:00,QUEENS,106,0,PVT HOUSE                     ,false,18-24,M,BLACK,25-44,M,WHITE HISPANIC,1029556,187545,40.681336737,-73.836653132
183217904,05/28/2018 12:00:00 AM,11:15:00,QUEENS,106,0,PVT HOUSE                     ,true,18-24,M,BLACK,25-44,M,WHITE HISPANIC,1029556,187545,40.681336737,-73.836653132
183217904,05/28/2018 12:00:00 AM,11:15:00,QUEENS,106,0,PVT HOUSE                     ,false,25-44,M,WHITE HISPANIC,25-44,M,WHITE HISPANIC,1029556,187545,40.681336737,-73.836653132
183217904,05/28/2018 12:00:00 AM,11:15:00,QUEENS,106,0,PVT HOUSE                     ,true,25-44,M,WHITE HISPANIC,25-44,M,WHITE HISPANIC,1029556,187545,40.681336737,-73.836653132
183193402,05/28/2018 12:00:00 AM,00:03:00,MANHATTAN,20,0,,false,,,,25-44,M,BLACK HISPANIC,988375,221209,40.773851199,-73.985108335
183189830,05/27/2018 12:00:00 AM,23:30:00,BROOKLYN,84,0,,false,,,,18-24,M,BLACK,988038,188734,40.684715402,-73.986343333
183189830,05/27/2018 12:00:00 AM,23:30:00,BROOKLYN,84,0,,false,,,,<18,M,BLACK,988038,188734,40.684715402,-73.986343333
183190786,05/27/2018 12:00:00 AM,18:15:00,BRONX,40,0,,false,,,,18-24,M,BLACK,1007726,238645,40.821678052,-73.915181546
183190788,05/27/2018 12:00:00 AM,15:50:00,QUEENS,103,0,,false,,,,25-44,M,BLACK,1039222,192293,40.694314127,-73.801764264
183190790,05/27/2018 12:00:00 AM,06:00:00,BROOKLYN,75,0,,false,25-44,M,WHITE HISPANIC,25-44,F,WHITE HISPANIC,1018324,187858,40.682246212,-73.87714785
183190791,05/27/2018 12:00:00 AM,03:37:00,BRONX,40,2,MULTI DWELL - PUBLIC HOUS     ,false,UNKNOWN,M,WHITE HISPANIC,25-44,M,WHITE HISPANIC,1004840,234488,40.810275452,-73.925621548
183190793,05/27/2018 12:00:00 AM,00:45:00,BROOKLYN,67,0,,false,,,,18-24,M,BLACK,1000104,173345,40.64246262,-73.94287404
183189828,05/26/2018 12:00:00 AM,20:59:00,MANHATTAN,23,2,MULTI DWELL - PUBLIC HOUS     ,false,,,,<18,F,BLACK,1000102,229680,40.797088584,-73.94274858
183190789,05/26/2018 12:00:00 AM,01:56:00,BROOKLYN,73,0,,false,,,,18-24,F,BLACK,1006760,182355,40.667178679,-73.918860129
183190789,05/26/2018 12:00:00 AM,01:56:00,BROOKLYN,73,0,,false,,,,18-24,M,BLACK,1006760,182355,40.667178679,-73.918860129
183189826,05/26/2018 12:00:00 AM,00:10:00,BRONX,40,2,MULTI DWELL - PUBLIC HOUS     ,true,25-44,M,BLACK,18-24,M,BLACK,1005386,235950,40.814286944,-73.92364456
183189524,05/25/2018 12:00:00 AM,23:09:00,BROOKLYN,69,0,PVT HOUSE                     ,true,,,,18-24,M,BLACK,1009615,169051,40.630654378,-73.908618804
183190787,05/25/2018 12:00:00 AM,21:47:00,QUEENS,114,2,MULTI DWELL - PUBLIC HOUS     ,false,18-24,M,BLACK,25-44,M,BLACK,1003022,216518,40.760956654,-73.932239155
183189831,05/25/2018 12:00:00 AM,17:50:00,QUEENS,113,0,,false,,,,25-44,M,BLACK,1053177,194990,40.701619053,-73.751413109
183189829,05/25/2018 12:00:00 AM,12:35:00,BROOKLYN,77,2,MULTI DWELL - PUBLIC HOUS     ,false,,,,25-44,M,BLACK,1001946,184888,40.674142128,-73.936206395
183102945,05/24/2018 12:00:00 AM,23:54:00,BRONX,46,0,,false,25-44,M,WHITE HISPANIC,25-44,M,BLACK,1011330,249447,40.851316088,-73.902116523
183102944,05/24/2018 12:00:00 AM,23:46:00,BRONX,42,0,,false,,,,25-44,M,BLACK,1008691,238872,40.822298485,-73.911694131
183060718,05/23/2018 12:00:00 AM,12:45:00,BROOKLYN,90,0,,false,18-24,M,BLACK HISPANIC,18-24,M,BLACK HISPANIC,997689,197266,40.70812437,-73.951528419
183060718,05/23/2018 12:00:00 AM,12:45:00,BROOKLYN,90,0,,true,18-24,M,BLACK HISPANIC,18-24,M,BLACK HISPANIC,997689,197266,40.70812437,-73.951528419
182973667,05/22/2018 12:00:00 AM,07:10:00,MANHATTAN,30,0,MULTI DWELL - APT BUILD       ,false,18-24,M,WHITE HISPANIC,18-24,M,BLACK HISPANIC,999137,241528,40.829609717,-73.946207606
182968549,05/21/2018 12:00:00 AM,23:15:00,BROOKLYN,75,0,,false,,,,18-24,M,WHITE HISPANIC,1017810,188445,40.683859356,-73.878998148
182968550,05/21/2018 12:00:00 AM,21:40:00,MANHATTAN,23,2,MULTI DWELL - PUBLIC HOUS     ,false,,,,18-24,M,BLACK,998684,229230,40.795855886,-73.947870955
182968182,05/21/2018 12:00:00 AM,12:47:00,BROOKLYN,67,0,,false,,,,25-44,M,BLACK,1007204,178771,40.657340254,-73.917271852
182931019,05/21/2018 12:00:00 AM,00:30:00,BRONX,43,0,MULTI DWELL - APT BUILD       ,false,18-24,M,BLACK,18-24,M,BLACK,1022817,238673,40.821701908,-73.860656957
182931019,05/21/2018 12:00:00 AM,00:30:00,BRONX,43,0,MULTI DWELL - APT BUILD       ,false,<18,M,BLACK,18-24,M,BLACK,1022817,238673,40.821701908,-73.860656957
182931018,05/20/2018 12:00:00 AM,20:15:00,BRONX,46,0,,false,,,,18-24,M,BLACK,1010746,248840,40.849651826,-73.904229879
182931017,05/20/2018 12:00:00 AM,16:05:00,BROOKLYN,83,0,,false,,,,25-44,M,BLACK,1009984,189482,40.686731895,-73.90721144
182930731,05/20/2018 12:00:00 AM,02:03:00,MANHATTAN,30,0,RESTAURANT/DINER              ,true,,,,25-44,M,BLACK,998949,240295,40.826225799,-73.946889641
182931016,05/20/2018 12:00:00 AM,01:55:00,QUEENS,114,0,HOSPITAL                      ,false,,,,25-44,M,BLACK,1004956,219186,40.768275306,-73.925249677
182931015,05/19/2018 12:00:00 AM,11:12:00,BRONX,45,0,PVT HOUSE                     ,false,65+,M,WHITE,65+,F,WHITE,1032977,244605,40.837933318,-73.823905374
182930732,05/19/2018 12:00:00 AM,07:30:00,BROOKLYN,73,0,,true,,,,25-44,M,BLACK,1007564,188288,40.683461344,-73.915941447
182931013,05/19/2018 12:00:00 AM,01:04:00,BRONX,41,0,,false,,,,25-44,M,BLACK,1015534,238048,40.820015256,-73.88697368
182931012,05/18/2018 12:00:00 AM,09:00:00,STATEN ISLAND,121,0,,false,18-24,M,BLACK,<18,M,BLACK,944086,170724,40.635191658,-74.144710403
182839900,05/17/2018 12:00:00 AM,20:51:00,MANHATTAN,28,0,,false,,,,18-24,M,BLACK,997792,231694,40.802620306,-73.951087574
182839900,05/17/2018 12:00:00 AM,20:51:00,MANHATTAN,28,0,,false,,,,UNKNOWN,M,BLACK,997792,231694,40.802620306,-73.951087574
182839899,05/17/2018 12:00:00 AM,16:02:00,MANHATTAN,32,0,MULTI DWELL - APT BUILD       ,false,25-44,M,BLACK,25-44,M,BLACK,1000068,237698,40.819095837,-73.942852488
182798651,05/16/2018 12:00:00 AM,17:45:00,BRONX,44,0,,true,,,,18-24,M,BLACK,1009013,242619,40.832582031,-73.91051689
182754056,05/16/2018 12:00:00 AM,03:00:00,QUEENS,113,2,MULTI DWELL - PUBLIC HOUS     ,true,25-44,M,BLACK,25-44,M,BLACK,1044350,188827,40.684767444,-73.783302928
182754056,05/16/2018 12:00:00 AM,03:00:00,QUEENS,113,2,MULTI DWELL - PUBLIC HOUS     ,true,45-64,M,BLACK,25-44,M,BLACK,1044350,188827,40.684767444,-73.783302928
182751446,05/15/2018 12:00:00 AM,19:58:00,BRONX,42,0,MULTI DWELL - PUBLIC HOUS     ,false,18-24,M,BLACK HISPANIC,25-44,M,WHITE HISPANIC,1011057,240448,40.826617293,-73.903139291
182750896,05/15/2018 12:00:00 AM,09:58:00,BROOKLYN,79,2,MULTI DWELL - PUBLIC HOUS     ,false,,,,18-24,M,BLACK,997754,193359,40.697400473,-73.951301805
182667349,05/13/2018 12:00:00 AM,16:50:00,BROOKLYN,90,2,MULTI DWELL - PUBLIC HOUS     ,true,,,,45-64,M,BLACK,1001079,195776,40.704028873,-73.93930478
182667792,05/13/2018 12:00:00 AM,04:00:00,BROOKLYN,83,0,,false,,,,45-64,M,WHITE HISPANIC,1003229,194080,40.699369402,-73.93155522
182667791,05/12/2018 12:00:00 AM,22:17:00,QUEENS,113,0,,false,18-24,M,BLACK,18-24,M,BLACK,1052887,189524,40.686618459,-73.752514696
182667789,05/11/2018 12:00:00 AM,21:40:00,BRONX,40,0,,false,UNKNOWN,F,BLACK,25-44,F,BLACK,1007562,233891,40.80863009,-73.915790597
182667789,05/11/2018 12:00:00 AM,21:40:00,BRONX,40,0,,false,18-24,M,BLACK,25-44,F,BLACK,1007562,233891,40.80863009,-73.915790597
182667789,05/11/2018 12:00:00 AM,21:40:00,BRONX,40,0,,false,<18,M,BLACK,25-44,F,BLACK,1007562,233891,40.80863009,-73.915790597
182667789,05/11/2018 12:00:00 AM,21:40:00,BRONX,40,0,,false,UNKNOWN,M,BLACK,25-44,F,BLACK,1007562,233891,40.80863009,-73.915790597
182667790,05/11/2018 12:00:00 AM,18:47:00,BROOKLYN,90,2,MULTI DWELL - PUBLIC HOUS     ,true,,,,45-64,F,WHITE HISPANIC,1001079,195776,40.704028873,-73.93930478
182579814,05/10/2018 12:00:00 AM,23:47:00,STATEN ISLAND,120,0,BAR/NIGHT CLUB                ,true,25-44,M,BLACK,25-44,M,BLACK,963050,168139,40.628162072,-74.076375951
182535482,05/09/2018 12:00:00 AM,19:12:00,BROOKLYN,69,0,,true,18-24,M,BLACK,25-44,M,BLACK,1011654,170573,40.634825871,-73.901266713
182536140,05/09/2018 12:00:00 AM,09:50:00,BROOKLYN,71,0,,false,UNKNOWN,M,BLACK,18-24,M,BLACK,997954,179908,40.660480215,-73.950607892
182488623,05/08/2018 12:00:00 AM,20:06:00,BRONX,44,0,,false,18-24,M,BLACK HISPANIC,25-44,M,WHITE HISPANIC,1009450,247077,40.844816706,-73.908920981
182440990,05/07/2018 12:00:00 AM,16:43:00,BRONX,40,2,MULTI DWELL - PUBLIC HOUS     ,false,18-24,M,BLACK,18-24,M,BLACK,1004960,234094,40.809193751,-73.925189274
182363095,05/06/2018 12:00:00 AM,20:57:00,BROOKLYN,73,0,,false,,,,18-24,M,BLACK,1007686,187487,40.681262459,-73.915504354
182363094,05/06/2018 12:00:00 AM,18:50:00,BRONX,48,0,,false,,,,18-24,M,BLACK,1013952,252215,40.858904988,-73.892626635
182362873,05/06/2018 12:00:00 AM,04:15:00,BROOKLYN,61,0,,false,,,,25-44,M,BLACK,997184,152690,40.585773655,-73.953435361
182362874,05/06/2018 12:00:00 AM,02:22:00,BROOKLYN,66,0,,false,,,,25-44,M,WHITE HISPANIC,986391,173162,40.641974253,-73.992286742
182363093,05/05/2018 12:00:00 AM,18:40:00,BROOKLYN,73,0,,false,,,,18-24,M,BLACK,1011055,178343,40.656154669,-73.903393994
182363093,05/05/2018 12:00:00 AM,18:40:00,BROOKLYN,73,0,,true,,,,18-24,M,BLACK,1011055,178343,40.656154669,-73.903393994
182362871,05/05/2018 12:00:00 AM,17:46:00,BRONX,41,0,,false,18-24,M,BLACK,25-44,M,WHITE HISPANIC,1014578,239190,40.823153055,-73.890422503
182362870,05/05/2018 12:00:00 AM,04:55:00,BROOKLYN,75,0,,false,,,,25-44,M,WHITE HISPANIC,1018074,186467,40.678429195,-73.878056205
182362868,05/05/2018 12:00:00 AM,00:47:00,BROOKLYN,77,0,,false,,,,45-64,M,BLACK,1000331,183813,40.671194574,-73.942031121
182362867,05/04/2018 12:00:00 AM,20:28:00,BROOKLYN,84,0,,true,45-64,M,BLACK,25-44,M,BLACK,989662,189075,40.685650526,-73.980487523
181094483,05/04/2018 12:00:00 AM,01:40:00,BROOKLYN,81,0,,true,25-44,M,BLACK,25-44,M,BLACK,1001974,191809,40.693138637,-73.93608725
179645493,05/03/2018 12:00:00 AM,02:10:00,BROOKLYN,73,2,MULTI DWELL - PUBLIC HOUS     ,false,,,,25-44,M,BLACK,1009656,181287,40.664239422,-73.908425011
179645492,05/02/2018 12:00:00 AM,23:56:00,BROOKLYN,73,0,,false,,,,18-24,M,BLACK,1008950,180855,40.663055675,-73.910971382
179645492,05/02/2018 12:00:00 AM,23:56:00,BROOKLYN,73,0,,true,,,,18-24,M,BLACK,1008950,180855,40.663055675,-73.910971382
179645495,05/02/2018 12:00:00 AM,23:44:00,BROOKLYN,90,0,,false,UNKNOWN,M,BLACK,25-44,M,BLACK,1001586,195420,40.703050759,-73.937477115
179691037,05/02/2018 12:00:00 AM,23:34:00,QUEENS,100,0,,false,,,,18-24,M,BLACK,1040736,157092,40.5976857,-73.796599326
179645494,05/02/2018 12:00:00 AM,15:52:00,BRONX,43,0,,false,,,,25-44,M,BLACK,1018182,239891,40.82506399,-73.877397261
178831394,05/01/2018 12:00:00 AM,23:00:00,BRONX,52,0,,false,,,,25-44,M,WHITE HISPANIC,1013850,252029,40.858394817,-73.892996194
178830277,05/01/2018 12:00:00 AM,22:23:00,BROOKLYN,67,0,,true,,,,25-44,M,BLACK,1003869,176481,40.651062722,-73.929298338
178830278,05/01/2018 12:00:00 AM,22:00:00,BRONX,42,0,,false,18-24,M,WHITE HISPANIC,25-44,M,BLACK,1011837,239059,40.822802482,-73.900326617
178830278,05/01/2018 12:00:00 AM,22:00:00,BRONX,42,0,,false,18-24,M,WHITE HISPANIC,25-44,M,WHITE HISPANIC,1011837,239059,40.822802482,-73.900326617
178830278,05/01/2018 12:00:00 AM,22:00:00,BRONX,42,0,,true,18-24,M,WHITE HISPANIC,25-44,M,BLACK,1011837,239059,40.822802482,-73.900326617
178830278,05/01/2018 12:00:00 AM,22:00:00,BRONX,42,0,,true,18-24,M,WHITE HISPANIC,25-44,M,WHITE HISPANIC,1011837,239059,40.822802482,-73.900326617
178830278,05/01/2018 12:00:00 AM,22:00:00,BRONX,42,0,,false,18-24,M,WHITE HISPANIC,<18,M,WHITE HISPANIC,1011837,239059,40.822802482,-73.900326617
178830278,05/01/2018 12:00:00 AM,22:00:00,BRONX,42,0,,true,18-24,M,WHITE HISPANIC,<18,M,WHITE HISPANIC,1011837,239059,40.822802482,-73.900326617
178829815,05/01/2018 12:00:00 AM,21:52:00,BRONX,47,0,,false,,,,18-24,M,BLACK,1023230,262594,40.887356035,-73.85902568
178829816,05/01/2018 12:00:00 AM,20:30:00,BROOKLYN,71,0,,false,,,,18-24,M,BLACK,1002206,183027,40.669033577,-73.935274039
178829816,05/01/2018 12:00:00 AM,20:30:00,BROOKLYN,71,0,,false,,,,45-64,M,BLACK,1002206,183027,40.669033577,-73.935274039
178830276,05/01/2018 12:00:00 AM,11:00:00,BRONX,52,0,,true,25-44,F,BLACK,25-44,M,BLACK,1018899,259204,40.878069618,-73.874706767
178830276,05/01/2018 12:00:00 AM,11:00:00,BRONX,52,0,,true,25-44,M,BLACK,25-44,M,BLACK,1018899,259204,40.878069618,-73.874706767
178778334,04/30/2018 12:00:00 AM,09:13:00,BROOKLYN,73,0,,false,18-24,M,BLACK,25-44,M,BLACK,1009230,185907,40.676921496,-73.909943415
178740662,04/29/2018 12:00:00 AM,15:44:00,BRONX,41,0,,false,18-24,M,BLACK,18-24,M,WHITE HISPANIC,1012244,239768,40.824747205,-73.898853125
178740662,04/29/2018 12:00:00 AM,15:44:00,BRONX,41,0,,false,<18,M,BLACK,18-24,M,WHITE HISPANIC,1012244,239768,40.824747205,-73.898853125
178740661,04/29/2018 12:00:00 AM,11:52:00,BROOKLYN,70,0,,false,45-64,M,WHITE HISPANIC,25-44,M,BLACK,995924,173232,40.642158955,-73.957936208
178740361,04/28/2018 12:00:00 AM,22:30:00,BROOKLYN,77,0,,false,,,,18-24,M,BLACK,998750,183272,40.669712381,-73.947731623
178740359,04/27/2018 12:00:00 AM,19:24:00,BROOKLYN,67,0,,false,,,,25-44,M,BLACK,1005301,179713,40.659930565,-73.924127601
178740358,04/27/2018 12:00:00 AM,17:54:00,QUEENS,101,0,,false,25-44,M,WHITE HISPANIC,25-44,M,BLACK,1049596,156578,40.596213982,-73.764700204
178740357,04/27/2018 12:00:00 AM,13:33:00,QUEENS,101,0,,false,,,,18-24,M,BLACK,1052788,161189,40.608846083,-73.753159558
178651739,04/26/2018 12:00:00 AM,12:30:00,BRONX,42,0,,false,18-24,M,BLACK,18-24,M,BLACK,1014875,244467,40.837635873,-73.889325316
178651739,04/26/2018 12:00:00 AM,12:30:00,BRONX,42,0,,true,18-24,M,BLACK,18-24,M,BLACK,1014875,244467,40.837635873,-73.889325316
178651739,04/26/2018 12:00:00 AM,12:30:00,BRONX,42,0,,false,<18,M,BLACK,18-24,M,BLACK,1014875,244467,40.837635873,-73.889325316
178651739,04/26/2018 12:00:00 AM,12:30:00,BRONX,42,0,,true,<18,M,BLACK,18-24,M,BLACK,1014875,244467,40.837635873,-73.889325316
178651739,04/26/2018 12:00:00 AM,12:30:00,BRONX,42,0,,false,<18,M,WHITE HISPANIC,18-24,M,BLACK,1014875,244467,40.837635873,-73.889325316
178651739,04/26/2018 12:00:00 AM,12:30:00,BRONX,42,0,,true,<18,M,WHITE HISPANIC,18-24,M,BLACK,1014875,244467,40.837635873,-73.889325316
178610304,04/25/2018 12:00:00 AM,21:12:00,BROOKLYN,71,0,,false,,,,18-24,M,BLACK HISPANIC,1002115,181727,40.66546555,-73.935605518
178564738,04/24/2018 12:00:00 AM,22:37:00,BRONX,40,0,,false,,,,18-24,M,WHITE HISPANIC,1009158,235645,40.813439975,-73.910018799
178564737,04/24/2018 12:00:00 AM,21:25:00,BROOKLYN,67,0,,false,25-44,M,BLACK,25-44,M,BLACK,1003283,173606,40.643172748,-73.931418281
178564736,04/24/2018 12:00:00 AM,20:55:00,BROOKLYN,67,0,PVT HOUSE                     ,false,,,,25-44,M,BLACK,1005435,180852,40.663056548,-73.923641048
178565039,04/24/2018 12:00:00 AM,20:38:00,MANHATTAN,23,2,MULTI DWELL - PUBLIC HOUS     ,true,18-24,M,BLACK,<18,M,BLACK,998173,227824,40.791997616,-73.949719421
178517986,04/23/2018 12:00:00 AM,15:51:00,BRONX,52,0,MULTI DWELL - APT BUILD       ,true,25-44,M,BLACK,25-44,M,BLACK,1018164,257403,40.873129287,-73.877373723
178517564,04/23/2018 12:00:00 AM,09:20:00,BROOKLYN,71,0,MULTI DWELL - APT BUILD       ,false,UNKNOWN,M,UNKNOWN,18-24,M,BLACK,997520,180274,40.661485466,-73.952171445
178496007,04/23/2018 12:00:00 AM,05:45:00,BRONX,43,0,,true,,,,45-64,M,BLACK HISPANIC,1018503,238095,40.820133244,-73.876246582
178480483,04/22/2018 12:00:00 AM,19:17:00,BRONX,40,2,MULTI DWELL - PUBLIC HOUS     ,true,,,,25-44,M,BLACK,1006104,238459,40.821171696,-73.921042512
178480482,04/22/2018 12:00:00 AM,11:59:00,BROOKLYN,75,0,MULTI DWELL - APT BUILD       ,true,25-44,M,BLACK,25-44,M,BLACK,1015160,183234,40.669565997,-73.888576826
178480481,04/21/2018 12:00:00 AM,02:03:00,MANHATTAN,32,2,MULTI DWELL - PUBLIC HOUS     ,false,25-44,M,BLACK,25-44,M,BLACK,998362,234740,40.810979844,-73.949022325
178393484,04/19/2018 12:00:00 AM,19:11:00,BROOKLYN,79,0,,false,18-24,M,BLACK,25-44,M,BLACK,997731,186926,40.679743399,-73.951397621
178393484,04/19/2018 12:00:00 AM,19:11:00,BROOKLYN,79,0,,false,18-24,M,BLACK,25-44,M,WHITE HISPANIC,997731,186926,40.679743399,-73.951397621
178393484,04/19/2018 12:00:00 AM,19:11:00,BROOKLYN,79,0,,false,25-44,M,BLACK,25-44,M,BLACK,997731,186926,40.679743399,-73.951397621
178393484,04/19/2018 12:00:00 AM,19:11:00,BROOKLYN,79,0,,false,25-44,M,BLACK,25-44,M,WHITE HISPANIC,997731,186926,40.679743399,-73.951397621
178393483,04/19/2018 12:00:00 AM,14:33:00,BRONX,43,2,MULTI DWELL - PUBLIC HOUS     ,false,25-44,M,BLACK,25-44,M,WHITE,1020183,239283,40.823387291,-73.87017045
178393483,04/19/2018 12:00:00 AM,14:33:00,BRONX,43,2,MULTI DWELL - PUBLIC HOUS     ,false,25-44,U,UNKNOWN,25-44,M,WHITE,1020183,239283,40.823387291,-73.87017045
178332734,04/18/2018 12:00:00 AM,20:40:00,BROOKLYN,79,0,,true,,,,25-44,M,BLACK,999636,192000,40.693667261,-73.94451783
178332733,04/18/2018 12:00:00 AM,19:36:00,BROOKLYN,69,0,GROCERY/BODEGA                ,false,25-44,M,BLACK,18-24,M,BLACK,1010576,175629,40.648706769,-73.905130941
178287242,04/17/2018 12:00:00 AM,20:01:00,BRONX,47,0,BEAUTY/NAIL SALON             ,true,25-44,M,BLACK,25-44,M,BLACK,1021673,259971,40.880163467,-73.864671401
178240748,04/17/2018 12:00:00 AM,04:40:00,BRONX,52,0,COMMERCIAL BLDG               ,false,25-44,M,WHITE HISPANIC,18-24,M,WHITE HISPANIC,1017525,261659,40.88481311,-73.879663104
178240747,04/17/2018 12:00:00 AM,02:49:00,BROOKLYN,81,0,,false,,,,25-44,M,BLACK,1003876,188412,40.68381064,-73.929238379
178240746,04/16/2018 12:00:00 AM,19:30:00,BROOKLYN,67,0,,false,,,,25-44,M,WHITE HISPANIC,1007056,179884,40.660395576,-73.917801502
178240745,04/16/2018 12:00:00 AM,18:17:00,MANHATTAN,23,0,,false,18-24,M,BLACK HISPANIC,18-24,M,BLACK,1000771,228377,40.793510977,-73.940335551
178203200,04/15/2018 12:00:00 AM,03:43:00,QUEENS,102,0,BAR/NIGHT CLUB                ,false,25-44,M,BLACK,18-24,M,BLACK,1033909,194043,40.699148868,-73.820910771
178203200,04/15/2018 12:00:00 AM,03:43:00,QUEENS,102,0,BAR/NIGHT CLUB                ,false,25-44,M,BLACK,25-44,M,BLACK,1033909,194043,40.699148868,-73.820910771
178203202,04/14/2018 12:00:00 AM,18:45:00,BROOKLYN,77,0,,false,,,,18-24,M,BLACK,1000467,185720,40.676428613,-73.941536267
178203201,04/14/2018 12:00:00 AM,01:11:00,BRONX,52,0,,false,,,,25-44,M,UNKNOWN,1016343,260864,40.882635463,-73.883941587
178203199,04/14/2018 12:00:00 AM,01:02:00,BROOKLYN,73,0,,false,25-44,M,BLACK,45-64,F,BLACK,1009060,180294,40.661515547,-73.910576957
178202865,04/13/2018 12:00:00 AM,21:03:00,BRONX,50,2,MULTI DWELL - PUBLIC HOUS     ,false,25-44,M,BLACK,18-24,M,BLACK HISPANIC,1009418,258118,40.875121011,-73.908995183
178202865,04/13/2018 12:00:00 AM,21:03:00,BRONX,50,2,MULTI DWELL - PUBLIC HOUS     ,true,25-44,M,BLACK,18-24,M,BLACK HISPANIC,1009418,258118,40.875121011,-73.908995183
178202865,04/13/2018 12:00:00 AM,21:03:00,BRONX,50,2,MULTI DWELL - PUBLIC HOUS     ,false,25-44,M,BLACK,25-44,M,BLACK,1009418,258118,40.875121011,-73.908995183
178202865,04/13/2018 12:00:00 AM,21:03:00,BRONX,50,2,MULTI DWELL - PUBLIC HOUS     ,true,25-44,M,BLACK,25-44,M,BLACK,1009418,258118,40.875121011,-73.908995183
178203197,04/13/2018 12:00:00 AM,17:15:00,BROOKLYN,70,0,,false,18-24,M,BLACK,45-64,F,BLACK,995871,175003,40.647020039,-73.958124133
178203197,04/13/2018 12:00:00 AM,17:15:00,BROOKLYN,70,0,,false,18-24,M,BLACK,18-24,M,BLACK,995871,175003,40.647020039,-73.958124133
178202866,04/13/2018 12:00:00 AM,17:12:00,BROOKLYN,75,2,MULTI DWELL - PUBLIC HOUS     ,false,18-24,M,BLACK,<18,M,BLACK,1022078,183185,40.669404648,-73.863639075
178203198,04/13/2018 12:00:00 AM,05:04:00,BROOKLYN,63,0,MULTI DWELL - APT BUILD       ,true,25-44,F,WHITE HISPANIC,25-44,M,WHITE HISPANIC,1001529,167237,40.625694792,-73.937754917
178115697,04/12/2018 12:00:00 AM,22:35:00,BROOKLYN,70,0,,false,25-44,M,BLACK,25-44,M,BLACK,995885,174602,40.645919361,-73.958074374
178115696,04/12/2018 12:00:00 AM,22:04:00,QUEENS,100,0,,false,18-24,M,BLACK,25-44,M,ASIAN / PACIFIC ISLANDER,1042689,154821,40.591439617,-73.78958638
178067387,04/11/2018 12:00:00 AM,20:18:00,BROOKLYN,68,0,GROCERY/BODEGA                ,false,25-44,M,WHITE,25-44,M,WHITE,978267,169580,40.632140662,-74.021556907
178020127,04/10/2018 12:00:00 AM,19:00:00,BROOKLYN,67,0,COMMERCIAL BLDG               ,false,,,,18-24,M,BLACK,1007210,179706,40.659906607,-73.917247044
177971351,04/09/2018 12:00:00 AM,20:15:00,STATEN ISLAND,120,0,PVT HOUSE                     ,false,25-44,M,BLACK,45-64,M,BLACK,961242,163711,40.616003628,-74.082874304
177971351,04/09/2018 12:00:00 AM,20:15:00,STATEN ISLAND,120,0,PVT HOUSE                     ,false,25-44,M,BLACK,<18,M,BLACK,961242,163711,40.616003628,-74.082874304
177971352,04/09/2018 12:00:00 AM,06:00:00,MANHATTAN,25,0,MULTI DWELL - APT BUILD       ,false,25-44,M,BLACK,45-64,F,WHITE HISPANIC,1002065,231446,40.801932033,-73.935654106
177971352,04/09/2018 12:00:00 AM,06:00:00,MANHATTAN,25,0,MULTI DWELL - APT BUILD       ,false,25-44,M,BLACK,25-44,M,WHITE HISPANIC,1002065,231446,40.801932033,-73.935654106
177934249,04/09/2018 12:00:00 AM,01:52:00,BROOKLYN,90,0,,false,,,,18-24,M,BLACK,1000697,197070,40.707581317,-73.940679368
177934246,04/07/2018 12:00:00 AM,22:15:00,MANHATTAN,7,2,MULTI DWELL - PUBLIC HOUS     ,false,18-24,M,BLACK,18-24,M,BLACK,989963,200171,40.716106265,-73.979392803
177934246,04/07/2018 12:00:00 AM,22:15:00,MANHATTAN,7,2,MULTI DWELL - PUBLIC HOUS     ,false,18-24,M,UNKNOWN,18-24,M,BLACK,989963,200171,40.716106265,-73.979392803
177934247,04/07/2018 12:00:00 AM,19:48:00,BROOKLYN,79,0,,true,25-44,M,WHITE HISPANIC,25-44,M,BLACK,1000083,189065,40.685610573,-73.942912796
177855788,04/05/2018 12:00:00 AM,21:42:00,BROOKLYN,67,0,,false,,,,25-44,M,BLACK HISPANIC,1005555,178394,40.656309593,-73.923216279
177816333,04/04/2018 12:00:00 AM,13:42:00,MANHATTAN,19,0,MULTI DWELL - APT BUILD       ,true,25-44,M,WHITE,45-64,M,WHITE,998200,224473,40.782799975,-73.949628871
177462972,04/03/2018 12:00:00 AM,00:10:00,MANHATTAN,26,2,MULTI DWELL - PUBLIC HOUS     ,false,<18,M,WHITE HISPANIC,18-24,M,BLACK,996138,237007,40.817205398,-73.957052433
177204826,04/01/2018 12:00:00 AM,22:17:00,BROOKLYN,71,0,MULTI DWELL - APT BUILD       ,true,18-24,M,BLACK,25-44,M,BLACK,996609,180771,40.662850939,-73.955454116
177204826,04/01/2018 12:00:00 AM,22:17:00,BROOKLYN,71,0,MULTI DWELL - APT BUILD       ,true,<18,M,BLACK,25-44,M,BLACK,996609,180771,40.662850939,-73.955454116
177205142,03/31/2018 12:00:00 AM,19:24:00,BROOKLYN,63,0,PVT HOUSE                     ,false,,,,18-24,M,BLACK,1004792,165247,40.620225694,-73.926006223
177204829,03/31/2018 12:00:00 AM,04:35:00,BROOKLYN,75,0,,false,18-24,M,WHITE HISPANIC,25-44,M,WHITE HISPANIC,1016116,186966,40.679806101,-73.88511299
177204829,03/31/2018 12:00:00 AM,04:35:00,BROOKLYN,75,0,,false,25-44,M,WHITE HISPANIC,25-44,M,WHITE HISPANIC,1016116,186966,40.679806101,-73.88511299
177204828,03/31/2018 12:00:00 AM,03:22:00,BROOKLYN,70,0,,true,,,,25-44,M,BLACK,996683,172472,40.640071884,-73.955202683
177204827,03/30/2018 12:00:00 AM,23:26:00,QUEENS,103,0,,false,,,,25-44,M,BLACK,1051538,198082,40.710118447,-73.757293309
177204825,03/30/2018 12:00:00 AM,15:30:00,BRONX,42,0,MULTI DWELL - APT BUILD       ,false,25-44,M,BLACK,45-64,M,WHITE HISPANIC,1009354,239590,40.824267332,-73.909295973
177205143,03/30/2018 12:00:00 AM,14:20:00,BRONX,42,0,SHOE STORE                    ,true,,,,25-44,M,BLACK,1012989,241857,40.830478518,-73.896152335
177204824,03/30/2018 12:00:00 AM,11:06:00,BROOKLYN,83,0,,false,18-24,M,BLACK,45-64,M,BLACK,1010064,190678,40.690014406,-73.9069184
177126435,03/29/2018 12:00:00 AM,06:48:00,BRONX,46,0,MULTI DWELL - APT BUILD       ,false,25-44,M,BLACK,25-44,M,BLACK,1013005,251981,40.858265864,-73.896051108
176681708,03/28/2018 12:00:00 AM,17:38:00,BROOKLYN,69,2,MULTI DWELL - PUBLIC HOUS     ,false,25-44,M,BLACK,25-44,M,BLACK,1016435,169704,40.632424571,-73.884045262
176380207,03/28/2018 12:00:00 AM,01:07:00,MANHATTAN,26,0,GROCERY/BODEGA                ,false,,,,18-24,M,BLACK,997129,237012,40.817217733,-73.953472135
176334881,03/26/2018 12:00:00 AM,01:00:00,BROOKLYN,79,0,,false,25-44,M,BLACK HISPANIC,18-24,M,BLACK,1000463,191853,40.693262303,-73.941535932
176296363,03/25/2018 12:00:00 AM,22:36:00,BROOKLYN,73,0,,false,,,,25-44,M,BLACK,1009649,178641,40.656976758,-73.908460209
176296871,03/25/2018 12:00:00 AM,00:30:00,QUEENS,106,0,COMMERCIAL BLDG               ,false,,,,18-24,M,BLACK,1028502,187094,40.680104178,-73.840456224
176296361,03/24/2018 12:00:00 AM,21:26:00,BROOKLYN,73,0,,false,,,,18-24,M,BLACK,1008228,183789,40.671110834,-73.913563363
176274389,03/24/2018 12:00:00 AM,19:53:00,QUEENS,114,2,MULTI DWELL - PUBLIC HOUS     ,true,,,,25-44,M,BLACK,999158,215244,40.757467209,-73.946190063
176296362,03/24/2018 12:00:00 AM,02:00:00,QUEENS,106,0,,false,25-44,M,BLACK,25-44,M,ASIAN / PACIFIC ISLANDER,1036840,184556,40.673092347,-73.810414466
178020128,03/24/2018 12:00:00 AM,02:00:00,BRONX,47,0,,false,,,,25-44,M,BLACK,1025621,268476,40.903489346,-73.850342019
176296360,03/23/2018 12:00:00 AM,04:45:00,BRONX,44,0,MULTI DWELL - APT BUILD       ,false,25-44,M,BLACK HISPANIC,45-64,M,BLACK,1006537,244511,40.837781618,-73.919457971
176214209,03/22/2018 12:00:00 AM,20:15:00,QUEENS,110,0,GROCERY/BODEGA                ,true,25-44,M,WHITE HISPANIC,25-44,M,WHITE HISPANIC,1016282,211662,40.74759008,-73.884396999
176214208,03/22/2018 12:00:00 AM,15:19:00,QUEENS,113,2,MULTI DWELL - PUBLIC HOUS     ,false,25-44,M,BLACK,25-44,M,BLACK,1044795,188802,40.684695792,-73.781698652
176214207,03/22/2018 12:00:00 AM,14:03:00,BROOKLYN,81,0,MULTI DWELL - APT BUILD       ,false,25-44,M,BLACK,25-44,M,BLACK,1006656,186666,40.679011668,-73.919220684
176173046,03/21/2018 12:00:00 AM,22:38:00,BRONX,44,0,MULTI DWELL - APT BUILD       ,true,25-44,M,BLACK,25-44,F,BLACK,1005346,246531,40.843328854,-73.923755796
176028232,03/18/2018 12:00:00 AM,02:54:00,BROOKLYN,67,0,,false,,,,18-24,M,BLACK,1006072,179857,40.660323946,-73.92134823
176027890,03/17/2018 12:00:00 AM,23:45:00,BRONX,40,0,,false,,,,<18,M,BLACK,1005984,238108,40.820208596,-73.92147721
176027889,03/17/2018 12:00:00 AM,19:25:00,BROOKLYN,70,0,,false,<18,M,BLACK,25-44,M,BLACK,996601,173479,40.642835998,-73.955496304
176027888,03/17/2018 12:00:00 AM,00:46:00,BRONX,43,0,,false,25-44,M,UNKNOWN,25-44,M,WHITE HISPANIC,1018728,242744,40.832892539,-73.875409777
176027887,03/16/2018 12:00:00 AM,22:43:00,BROOKLYN,67,0,,false,,,,18-24,M,BLACK,996764,175102,40.647290555,-73.954905945
175944199,03/15/2018 12:00:00 AM,23:54:00,STATEN ISLAND,123,0,PVT HOUSE                     ,false,25-44,M,WHITE,UNKNOWN,M,WHITE HISPANIC,925480,138056,40.545420876,-74.211462568
175874322,03/14/2018 12:00:00 AM,08:50:00,BROOKLYN,63,0,,false,25-44,M,BLACK,<18,M,BLACK,1005871,169993,40.633249897,-73.92210431
175867972,03/14/2018 12:00:00 AM,05:00:00,BROOKLYN,73,0,MULTI DWELL - APT BUILD       ,true,25-44,M,BLACK,<18,F,BLACK,1009869,180290,40.661502264,-73.907661037
175867972,03/14/2018 12:00:00 AM,05:00:00,BROOKLYN,73,0,MULTI DWELL - APT BUILD       ,true,25-44,M,BLACK,45-64,M,BLACK,1009869,180290,40.661502264,-73.907661037
175867972,03/14/2018 12:00:00 AM,05:00:00,BROOKLYN,73,0,MULTI DWELL - APT BUILD       ,true,25-44,M,BLACK,<18,M,BLACK,1009869,180290,40.661502264,-73.907661037
175773152,03/12/2018 12:00:00 AM,03:40:00,QUEENS,102,0,PVT HOUSE                     ,false,25-44,M,BLACK,25-44,F,AMERICAN INDIAN/ALASKAN NATIVE,1031923,190475,40.689366473,-73.828098332
175773152,03/12/2018 12:00:00 AM,03:40:00,QUEENS,102,0,PVT HOUSE                     ,false,25-44,M,BLACK,25-44,M,BLACK,1031923,190475,40.689366473,-73.828098332
175773152,03/12/2018 12:00:00 AM,03:40:00,QUEENS,102,0,PVT HOUSE                     ,false,25-44,M,BLACK,25-44,M,WHITE HISPANIC,1031923,190475,40.689366473,-73.828098332
175772471,03/11/2018 12:00:00 AM,17:40:00,QUEENS,105,0,,true,25-44,M,BLACK,18-24,M,BLACK,1057522,192147,40.693780803,-73.735773689
175773151,03/10/2018 12:00:00 AM,23:54:00,BROOKLYN,73,0,MULTI DWELL - APT BUILD       ,false,18-24,M,BLACK,18-24,M,WHITE HISPANIC,1010788,178287,40.656001766,-73.904356504
175773149,03/10/2018 12:00:00 AM,03:37:00,BROOKLYN,79,0,MULTI DWELL - PUBLIC HOUS     ,true,,,,18-24,M,BLACK,998205,190419,40.689330153,-73.949681448
175772725,03/09/2018 12:00:00 AM,23:29:00,BROOKLYN,77,0,,false,,,,18-24,M,BLACK,995908,183618,40.670666272,-73.957975908
175773150,03/09/2018 12:00:00 AM,18:41:00,BRONX,42,0,,false,18-24,M,BLACK,25-44,M,BLACK,1011658,242180,40.831369291,-73.900960614
175685340,03/08/2018 12:00:00 AM,16:31:00,BRONX,40,0,,false,18-24,M,UNKNOWN,<18,M,BLACK HISPANIC,1007037,235669,40.813511574,-73.917681039
175685340,03/08/2018 12:00:00 AM,16:31:00,BRONX,40,0,,false,<18,M,WHITE HISPANIC,<18,M,BLACK HISPANIC,1007037,235669,40.813511574,-73.917681039
175573546,03/07/2018 12:00:00 AM,17:02:00,MANHATTAN,30,0,,false,18-24,M,UNKNOWN,18-24,M,WHITE HISPANIC,997367,238898,40.822393921,-73.952608602
175531346,03/06/2018 12:00:00 AM,17:07:00,BRONX,40,0,,false,18-24,M,WHITE HISPANIC,18-24,M,WHITE HISPANIC,1007453,233952,40.808797805,-73.916184132
175485168,03/06/2018 12:00:00 AM,03:55:00,BROOKLYN,73,2,MULTI DWELL - PUBLIC HOUS     ,true,,,,45-64,M,BLACK,1010788,183142,40.669327661,-73.904337395
175482998,03/05/2018 12:00:00 AM,19:35:00,BROOKLYN,67,0,,false,,,,25-44,M,WHITE,1000923,177832,40.654776959,-73.939911813
175444425,03/05/2018 12:00:00 AM,04:30:00,BRONX,41,0,,false,,,,25-44,M,BLACK,1013086,236614,40.816087661,-73.895824354
175444425,03/05/2018 12:00:00 AM,04:30:00,BRONX,41,0,,false,,,,25-44,M,WHITE HISPANIC,1013086,236614,40.816087661,-73.895824354
175444214,03/05/2018 12:00:00 AM,01:13:00,BROOKLYN,73,0,,false,25-44,M,BLACK,25-44,M,BLACK,1009465,180957,40.663334191,-73.909114707
175531345,03/04/2018 12:00:00 AM,02:17:00,QUEENS,114,0,,false,18-24,M,WHITE HISPANIC,18-24,M,WHITE HISPANIC,1008045,218242,40.765676497,-73.91410127
175444212,03/03/2018 12:00:00 AM,18:10:00,BROOKLYN,63,0,,false,25-44,M,BLACK,18-24,M,BLACK,1004243,170519,40.634697479,-73.927968182
175444212,03/03/2018 12:00:00 AM,18:10:00,BROOKLYN,63,0,,true,25-44,M,BLACK,18-24,M,BLACK,1004243,170519,40.634697479,-73.927968182
175444212,03/03/2018 12:00:00 AM,18:10:00,BROOKLYN,63,0,,false,25-44,M,BLACK,25-44,M,BLACK,1004243,170519,40.634697479,-73.927968182
175444212,03/03/2018 12:00:00 AM,18:10:00,BROOKLYN,63,0,,true,25-44,M,BLACK,25-44,M,BLACK,1004243,170519,40.634697479,-73.927968182
175444213,03/02/2018 12:00:00 AM,20:55:00,BROOKLYN,94,0,,false,,,,18-24,M,BLACK,997930,202217,40.721713313,-73.950649098
175317913,02/28/2018 12:00:00 AM,22:53:00,BRONX,46,0,,false,25-44,M,BLACK,18-24,M,BLACK,1009621,247807,40.84681985,-73.908300173
175317914,02/28/2018 12:00:00 AM,21:12:00,MANHATTAN,26,0,,false,,,,18-24,M,BLACK,996279,235478,40.813008529,-73.956545769
175317914,02/28/2018 12:00:00 AM,21:12:00,MANHATTAN,26,0,,false,,,,18-24,M,BLACK HISPANIC,996279,235478,40.813008529,-73.956545769
175317915,02/28/2018 12:00:00 AM,18:43:00,BRONX,41,0,,false,,,,<18,M,BLACK HISPANIC,1014770,238495,40.821244817,-73.889731945
175297372,02/28/2018 12:00:00 AM,15:23:00,BRONX,42,2,MULTI DWELL - PUBLIC HOUS     ,false,,,,18-24,M,BLACK,1011100,239163,40.823090204,-73.90298906
175275399,02/27/2018 12:00:00 AM,15:30:00,BRONX,48,0,,false,25-44,M,WHITE HISPANIC,25-44,M,BLACK HISPANIC,1015742,247472,40.845880666,-73.886177945
175246075,02/27/2018 12:00:00 AM,14:28:00,BROOKLYN,70,0,,false,,,,18-24,M,BLACK,996179,175577,40.648595134,-73.957013213
175243560,02/27/2018 12:00:00 AM,12:30:00,QUEENS,115,0,,false,,,,45-64,M,BLACK HISPANIC,1013883,212871,40.750916843,-73.893049725
175227395,02/26/2018 12:00:00 AM,17:35:00,BROOKLYN,69,0,,false,18-24,M,BLACK,<18,F,BLACK,1008929,171340,40.636939133,-73.911081889
175227395,02/26/2018 12:00:00 AM,17:35:00,BROOKLYN,69,0,,false,<18,M,BLACK,<18,F,BLACK,1008929,171340,40.636939133,-73.911081889
175189440,02/25/2018 12:00:00 AM,05:06:00,BRONX,42,2,MULTI DWELL - PUBLIC HOUS     ,false,,,,18-24,M,WHITE HISPANIC,1011100,239163,40.823090204,-73.90298906
175189438,02/24/2018 12:00:00 AM,07:55:00,BRONX,46,0,,false,25-44,M,BLACK HISPANIC,25-44,M,WHITE HISPANIC,1010915,252197,40.858865278,-73.903605666
175189441,02/24/2018 12:00:00 AM,04:09:00,QUEENS,114,0,,false,,,,25-44,M,BLACK,1005654,214122,40.754374267,-73.922745915
175070654,02/22/2018 12:00:00 AM,02:32:00,BRONX,41,0,,false,,,,18-24,M,BLACK,1014927,237541,40.818625813,-73.889169061
175033521,02/21/2018 12:00:00 AM,06:30:00,BRONX,43,0,,false,,,,45-64,M,BLACK,1016626,239622,40.824331503,-73.883020742
174983748,02/19/2018 12:00:00 AM,17:38:00,BROOKLYN,75,0,FAST FOOD                     ,false,18-24,M,BLACK,18-24,M,BLACK,1012266,182377,40.667223355,-73.899012692
174983747,02/19/2018 12:00:00 AM,13:45:00,BROOKLYN,67,0,,false,,,,25-44,M,BLACK,1000650,169991,40.633255612,-73.940914767
174960236,02/19/2018 12:00:00 AM,06:05:00,BROOKLYN,67,0,,false,,,,25-44,F,BLACK,1002356,171822,40.638277994,-73.934763402
174946401,02/18/2018 12:00:00 AM,11:00:00,BRONX,52,0,,false,25-44,M,BLACK,25-44,F,BLACK,1017784,256685,40.87116005,-73.878751336
174946403,02/17/2018 12:00:00 AM,18:20:00,BROOKLYN,67,0,,false,<18,M,BLACK,18-24,M,BLACK,998773,173235,40.642162976,-73.947670325
174946402,02/17/2018 12:00:00 AM,17:53:00,BROOKLYN,67,0,SUPERMARKET                   ,false,18-24,M,BLACK,45-64,M,BLACK HISPANIC,997584,174585,40.645870305,-73.951952013
174817652,02/15/2018 12:00:00 AM,02:08:00,MANHATTAN,23,2,MULTI DWELL - PUBLIC HOUS     ,true,,,,25-44,M,BLACK,1000866,226632,40.788721243,-73.939996774
174774460,02/13/2018 12:00:00 AM,20:33:00,QUEENS,107,0,,false,,,,45-64,M,BLACK,1038243,197929,40.709789617,-73.805249487
174682880,02/12/2018 12:00:00 AM,16:40:00,BROOKLYN,75,0,,false,45-64,M,BLACK,25-44,M,BLACK,1012158,180900,40.663169661,-73.899408111
174660908,02/09/2018 12:00:00 AM,22:36:00,BROOKLYN,70,0,,false,,,,25-44,M,BLACK,996175,173443,40.64273777,-73.957031399
174579540,02/09/2018 12:00:00 AM,03:15:00,BROOKLYN,71,0,,true,,,,25-44,M,BLACK,995973,181881,40.665898508,-73.957744612
174579221,02/09/2018 12:00:00 AM,00:12:00,BROOKLYN,67,0,,false,,,,25-44,M,BLACK,1008789,177637,40.654223423,-73.911563409
174579537,02/08/2018 12:00:00 AM,22:30:00,BROOKLYN,77,0,,false,,,,25-44,M,BLACK,995643,185067,40.674643797,-73.958928749
174579536,02/08/2018 12:00:00 AM,21:30:00,BROOKLYN,83,0,,false,,,,25-44,M,WHITE HISPANIC,1008707,191689,40.69279322,-73.91180795
174579538,02/08/2018 12:00:00 AM,20:16:00,STATEN ISLAND,120,0,,false,18-24,M,BLACK HISPANIC,45-64,M,BLACK,962951,172727,40.640754918,-74.076747088
174579539,02/08/2018 12:00:00 AM,16:06:00,QUEENS,101,0,,true,18-24,M,BLACK,<18,M,BLACK,1045957,156321,40.595534655,-73.777805991
174579539,02/08/2018 12:00:00 AM,16:06:00,QUEENS,101,0,,true,<18,M,BLACK,<18,M,BLACK,1045957,156321,40.595534655,-73.777805991
174535710,02/08/2018 12:00:00 AM,03:45:00,QUEENS,105,0,,false,,,,25-44,M,BLACK,1057671,181272,40.663930286,-73.735354858
174442122,02/06/2018 12:00:00 AM,01:27:00,MANHATTAN,32,0,,false,,,,25-44,M,BLACK,1001304,237165,40.817630602,-73.93838829
174442121,02/05/2018 12:00:00 AM,23:31:00,BRONX,47,0,,false,,,,25-44,M,BLACK,1022798,263076,40.88868087,-73.860585282
174432006,02/05/2018 12:00:00 AM,04:12:00,BRONX,49,0,,true,25-44,M,WHITE HISPANIC,45-64,M,WHITE HISPANIC,1023825,249625,40.851757483,-73.856950391
174405032,02/05/2018 12:00:00 AM,00:38:00,BRONX,46,0,,false,,,,18-24,M,BLACK HISPANIC,1012325,252049,40.858454692,-73.898509045
174405030,02/04/2018 12:00:00 AM,21:15:00,BRONX,48,0,MULTI DWELL - APT BUILD       ,true,,,,25-44,M,BLACK HISPANIC,1014022,251201,40.856121627,-73.892378083
174405031,02/02/2018 12:00:00 AM,22:32:00,MANHATTAN,25,0,,false,,,,18-24,M,BLACK,1001408,229525,40.796660712,-73.938032081
174404830,02/02/2018 12:00:00 AM,18:30:00,QUEENS,107,0,,true,18-24,F,BLACK,18-24,M,WHITE HISPANIC,1038460,198495,40.711341823,-73.804462215
174404830,02/02/2018 12:00:00 AM,18:30:00,QUEENS,107,0,,true,18-24,M,WHITE HISPANIC,18-24,M,WHITE HISPANIC,1038460,198495,40.711341823,-73.804462215
174319223,01/31/2018 12:00:00 AM,23:15:00,QUEENS,105,0,,false,45-64,M,BLACK,45-64,M,BLACK,1047039,183712,40.670709303,-73.773655078
174244426,01/31/2018 12:00:00 AM,11:50:00,BRONX,40,2,MULTI DWELL - PUBLIC HOUS     ,false,18-24,M,BLACK,25-44,M,BLACK,1005041,234533,40.810398494,-73.924895311
174210302,01/30/2018 12:00:00 AM,16:51:00,QUEENS,101,2,MULTI DWELL - PUBLIC HOUS     ,false,<18,M,BLACK,18-24,M,BLACK,1043608,156107,40.594963312,-73.78626615
174159493,01/29/2018 12:00:00 AM,12:45:00,BROOKLYN,79,0,,true,18-24,M,BLACK,45-64,M,BLACK,999969,192461,40.694932014,-73.94331592
174146097,01/28/2018 12:00:00 AM,23:57:00,BRONX,45,0,,false,,,,25-44,M,BLACK,1033179,254670,40.865557588,-73.823101907
174146095,01/28/2018 12:00:00 AM,20:24:00,BRONX,52,0,,false,18-24,M,BLACK,18-24,F,BLACK,1009418,252701,40.860253001,-73.909015527
174146096,01/28/2018 12:00:00 AM,16:22:00,MANHATTAN,32,0,,false,,,,18-24,M,BLACK,1000061,233795,40.808383203,-73.942886972
174146094,01/28/2018 12:00:00 AM,05:10:00,QUEENS,106,0,,false,25-44,M,BLACK,45-64,F,BLACK,1038556,182291,40.666865082,-73.804246552
174146094,01/28/2018 12:00:00 AM,05:10:00,QUEENS,106,0,,true,25-44,M,BLACK,45-64,F,BLACK,1038556,182291,40.666865082,-73.804246552
174146094,01/28/2018 12:00:00 AM,05:10:00,QUEENS,106,0,,false,45-64,M,BLACK,45-64,F,BLACK,1038556,182291,40.666865082,-73.804246552
174146094,01/28/2018 12:00:00 AM,05:10:00,QUEENS,106,0,,true,45-64,M,BLACK,45-64,F,BLACK,1038556,182291,40.666865082,-73.804246552
174146094,01/28/2018 12:00:00 AM,05:10:00,QUEENS,106,0,,false,25-44,M,BLACK,45-64,M,BLACK,1038556,182291,40.666865082,-73.804246552
174146094,01/28/2018 12:00:00 AM,05:10:00,QUEENS,106,0,,true,25-44,M,BLACK,45-64,M,BLACK,1038556,182291,40.666865082,-73.804246552
174146094,01/28/2018 12:00:00 AM,05:10:00,QUEENS,106,0,,false,45-64,M,BLACK,45-64,M,BLACK,1038556,182291,40.666865082,-73.804246552
174146094,01/28/2018 12:00:00 AM,05:10:00,QUEENS,106,0,,true,45-64,M,BLACK,45-64,M,BLACK,1038556,182291,40.666865082,-73.804246552
174145604,01/27/2018 12:00:00 AM,08:43:00,BROOKLYN,69,2,MULTI DWELL - PUBLIC HOUS     ,true,,,,25-44,M,BLACK,1013828,175990,40.649687373,-73.8934102
174146099,01/27/2018 12:00:00 AM,03:05:00,BRONX,40,0,,false,25-44,M,BLACK,25-44,M,BLACK,1004298,234701,40.810861324,-73.927578848
174146100,01/27/2018 12:00:00 AM,00:48:00,BROOKLYN,71,0,,false,,,,18-24,M,BLACK,997241,178748,40.657297344,-73.953180004
174146098,01/26/2018 12:00:00 AM,06:55:00,QUEENS,114,2,MULTI DWELL - PUBLIC HOUS     ,false,18-24,M,BLACK,25-44,F,BLACK,999300,214588,40.755666416,-73.945678973
174011815,01/24/2018 12:00:00 AM,21:40:00,BRONX,52,0,,false,,,,<18,M,BLACK,1017845,259318,40.878386587,-73.878517573
174011814,01/24/2018 12:00:00 AM,20:21:00,BROOKLYN,81,2,MULTI DWELL - PUBLIC HOUS     ,false,,,,<18,M,BLACK,1001205,191692,40.692819005,-73.938860621
173961273,01/24/2018 12:00:00 AM,04:52:00,MANHATTAN,24,2,MULTI DWELL - PUBLIC HOUS     ,false,,,,18-24,M,BLACK,992252,226874,40.789397465,-73.971103866
173961272,01/24/2018 12:00:00 AM,00:27:00,MANHATTAN,33,0,,false,25-44,M,WHITE HISPANIC,18-24,M,WHITE HISPANIC,999278,244165,40.836847284,-73.945692198
173961270,01/23/2018 12:00:00 AM,21:58:00,BRONX,48,0,,false,,,,18-24,M,BLACK,1016830,249479,40.851385338,-73.882235771
173922834,01/23/2018 12:00:00 AM,09:39:00,BRONX,49,2,MULTI DWELL - PUBLIC HOUS     ,false,25-44,M,BLACK,25-44,M,BLACK,1025362,256064,40.869423555,-73.851355139
173914520,01/22/2018 12:00:00 AM,22:50:00,BRONX,40,0,,false,,,,25-44,M,BLACK HISPANIC,1005207,233367,40.807197754,-73.924299287
173892243,01/22/2018 12:00:00 AM,15:00:00,BROOKLYN,60,2,MULTI DWELL - PUBLIC HOUS     ,false,18-24,M,BLACK,18-24,M,BLACK HISPANIC,986481,148626,40.574627929,-73.991970544
173875580,01/21/2018 12:00:00 AM,16:38:00,MANHATTAN,14,0,,false,25-44,M,BLACK,25-44,M,BLACK,987817,211442,40.747043528,-73.987128148
173875577,01/21/2018 12:00:00 AM,03:43:00,QUEENS,111,0,,false,,,,18-24,F,BLACK,1048681,216305,40.760157187,-73.767423955
173875577,01/21/2018 12:00:00 AM,03:43:00,QUEENS,111,0,,false,,,,25-44,M,BLACK,1048681,216305,40.760157187,-73.767423955
173875579,01/19/2018 12:00:00 AM,21:20:00,BROOKLYN,79,0,,false,,,,25-44,M,BLACK,996907,187049,40.680082223,-73.954368204
173788344,01/18/2018 12:00:00 AM,23:42:00,QUEENS,101,0,,false,25-44,M,BLACK,25-44,M,BLACK,1049345,158840,40.602424541,-73.765582216
175189442,01/18/2018 12:00:00 AM,22:35:00,MANHATTAN,13,2,MULTI DWELL - PUBLIC HOUS     ,false,,,,25-44,M,BLACK,989865,209425,40.741506303,-73.979738601
173788343,01/18/2018 12:00:00 AM,21:58:00,BROOKLYN,81,2,MULTI DWELL - PUBLIC HOUS     ,true,,,,25-44,M,BLACK,1002457,192292,40.69446338,-73.934344207
173875581,01/18/2018 12:00:00 AM,08:26:00,QUEENS,105,0,,true,,,,65+,M,BLACK,1054511,197368,40.708135586,-73.746577193
173696362,01/16/2018 12:00:00 AM,21:30:00,QUEENS,106,0,,true,25-44,M,BLACK,18-24,M,BLACK,1036788,190455,40.689284036,-73.810555936
173696360,01/16/2018 12:00:00 AM,20:04:00,BRONX,43,2,MULTI DWELL - PUBLIC HOUS     ,false,,,,25-44,M,BLACK,1026268,237961,40.81973193,-73.848192804
173661540,01/16/2018 12:00:00 AM,11:30:00,BRONX,40,0,MULTI DWELL - APT BUILD       ,false,25-44,M,BLACK,25-44,M,ASIAN / PACIFIC ISLANDER,1007951,238554,40.821427682,-73.914368932
173652218,01/16/2018 12:00:00 AM,03:15:00,BRONX,48,0,MULTI DWELL - APT BUILD       ,false,25-44,M,BLACK HISPANIC,18-24,M,WHITE HISPANIC,1014139,251858,40.857924499,-73.89195221
173696361,01/16/2018 12:00:00 AM,02:00:00,BRONX,46,2,MULTI DWELL - PUBLIC HOUS     ,true,25-44,M,BLACK,25-44,M,BLACK,1005802,247998,40.847354237,-73.922102997
173652442,01/15/2018 12:00:00 AM,23:39:00,BRONX,40,0,GROCERY/BODEGA                ,true,18-24,M,BLACK,25-44,F,BLACK,1009546,235539,40.813147933,-73.908617511
173616169,01/15/2018 12:00:00 AM,04:05:00,BRONX,43,0,,false,,,,25-44,M,BLACK,1018624,241853,40.830447407,-73.875790162
173617997,01/14/2018 12:00:00 AM,21:40:00,BRONX,43,2,MULTI DWELL - PUBLIC HOUS     ,false,25-44,M,BLACK,18-24,M,BLACK,1018291,243087,40.833835669,-73.876987202
173616168,01/14/2018 12:00:00 AM,21:01:00,BRONX,44,0,,false,18-24,M,BLACK HISPANIC,45-64,M,BLACK,1007312,243183,40.834134653,-73.916661748
173616167,01/14/2018 12:00:00 AM,15:34:00,BROOKLYN,75,0,MULTI DWELL - APT BUILD       ,false,<18,M,BLACK,<18,M,BLACK,1018272,181972,40.666090679,-73.877365046
173616166,01/14/2018 12:00:00 AM,03:37:00,MANHATTAN,34,0,,false,,,,25-44,M,BLACK,1004258,254745,40.865876364,-73.927663555
173616165,01/14/2018 12:00:00 AM,00:02:00,BRONX,48,0,MULTI DWELL - APT BUILD       ,false,,,,18-24,M,WHITE HISPANIC,1016276,250654,40.854612389,-73.884232679
173615875,01/13/2018 12:00:00 AM,13:32:00,QUEENS,101,2,MULTI DWELL - PUBLIC HOUS     ,true,,,,<18,M,BLACK,1047410,156429,40.595820856,-73.772573021
173616163,01/13/2018 12:00:00 AM,00:50:00,BRONX,52,0,,false,,,,25-44,F,WHITE HISPANIC,1009058,253333,40.861988669,-73.910314638
173616163,01/13/2018 12:00:00 AM,00:50:00,BRONX,52,0,,false,,,,25-44,M,WHITE HISPANIC,1009058,253333,40.861988669,-73.910314638
173528070,01/11/2018 12:00:00 AM,21:20:00,QUEENS,103,0,LIQUOR STORE                  ,false,<18,M,BLACK,18-24,M,BLACK,1042620,192259,40.694199046,-73.789510913
173484951,01/10/2018 12:00:00 AM,14:30:00,BRONX,43,0,MULTI DWELL - APT BUILD       ,true,45-64,M,UNKNOWN,25-44,F,UNKNOWN,1019591,243321,40.834472825,-73.872288156
173484951,01/10/2018 12:00:00 AM,14:30:00,BRONX,43,0,MULTI DWELL - APT BUILD       ,true,45-64,M,UNKNOWN,45-64,F,UNKNOWN,1019591,243321,40.834472825,-73.872288156
173540120,01/09/2018 12:00:00 AM,23:36:00,BRONX,48,0,MULTI DWELL - APT BUILD       ,true,,,,25-44,M,BLACK,1017068,246000,40.841835632,-73.88139251
173438642,01/09/2018 12:00:00 AM,21:08:00,QUEENS,101,0,BEAUTY/NAIL SALON             ,false,25-44,M,BLACK,25-44,M,WHITE HISPANIC,1053133,159320,40.603713405,-73.751936098
173438641,01/09/2018 12:00:00 AM,19:09:00,BROOKLYN,90,0,GROCERY/BODEGA                ,false,,,,18-24,M,BLACK,993507,196902,40.707130639,-73.966612942
173438641,01/09/2018 12:00:00 AM,19:09:00,BROOKLYN,90,0,GROCERY/BODEGA                ,false,,,,45-64,M,BLACK,993507,196902,40.707130639,-73.966612942
173391550,01/08/2018 12:00:00 AM,22:20:00,BROOKLYN,72,0,,false,18-24,M,WHITE,25-44,M,WHITE HISPANIC,983723,174115,40.644590276,-74.001900465
173354054,01/06/2018 12:00:00 AM,21:05:00,BRONX,47,0,MULTI DWELL - APT BUILD       ,false,18-24,M,BLACK,45-64,F,WHITE HISPANIC,1024405,267090,40.899690845,-73.8547492
173354054,01/06/2018 12:00:00 AM,21:05:00,BRONX,47,0,MULTI DWELL - APT BUILD       ,true,18-24,M,BLACK,45-64,F,WHITE HISPANIC,1024405,267090,40.899690845,-73.8547492
173354054,01/06/2018 12:00:00 AM,21:05:00,BRONX,47,0,MULTI DWELL - APT BUILD       ,false,18-24,M,WHITE HISPANIC,45-64,F,WHITE HISPANIC,1024405,267090,40.899690845,-73.8547492
173354054,01/06/2018 12:00:00 AM,21:05:00,BRONX,47,0,MULTI DWELL - APT BUILD       ,true,18-24,M,WHITE HISPANIC,45-64,F,WHITE HISPANIC,1024405,267090,40.899690845,-73.8547492
173354054,01/06/2018 12:00:00 AM,21:05:00,BRONX,47,0,MULTI DWELL - APT BUILD       ,false,25-44,M,BLACK,45-64,F,WHITE HISPANIC,1024405,267090,40.899690845,-73.8547492
173354054,01/06/2018 12:00:00 AM,21:05:00,BRONX,47,0,MULTI DWELL - APT BUILD       ,true,25-44,M,BLACK,45-64,F,WHITE HISPANIC,1024405,267090,40.899690845,-73.8547492
173354054,01/06/2018 12:00:00 AM,21:05:00,BRONX,47,0,MULTI DWELL - APT BUILD       ,false,18-24,M,BLACK,18-24,M,BLACK HISPANIC,1024405,267090,40.899690845,-73.8547492
173354054,01/06/2018 12:00:00 AM,21:05:00,BRONX,47,0,MULTI DWELL - APT BUILD       ,true,18-24,M,BLACK,18-24,M,BLACK HISPANIC,1024405,267090,40.899690845,-73.8547492
173354054,01/06/2018 12:00:00 AM,21:05:00,BRONX,47,0,MULTI DWELL - APT BUILD       ,false,18-24,M,WHITE HISPANIC,18-24,M,BLACK HISPANIC,1024405,267090,40.899690845,-73.8547492
173354054,01/06/2018 12:00:00 AM,21:05:00,BRONX,47,0,MULTI DWELL - APT BUILD       ,true,18-24,M,WHITE HISPANIC,18-24,M,BLACK HISPANIC,1024405,267090,40.899690845,-73.8547492
173354054,01/06/2018 12:00:00 AM,21:05:00,BRONX,47,0,MULTI DWELL - APT BUILD       ,false,18-24,M,BLACK,45-64,M,WHITE HISPANIC,1024405,267090,40.899690845,-73.8547492
173354054,01/06/2018 12:00:00 AM,21:05:00,BRONX,47,0,MULTI DWELL - APT BUILD       ,true,18-24,M,BLACK,45-64,M,WHITE HISPANIC,1024405,267090,40.899690845,-73.8547492
173354054,01/06/2018 12:00:00 AM,21:05:00,BRONX,47,0,MULTI DWELL - APT BUILD       ,false,18-24,M,WHITE HISPANIC,45-64,M,WHITE HISPANIC,1024405,267090,40.899690845,-73.8547492
173354054,01/06/2018 12:00:00 AM,21:05:00,BRONX,47,0,MULTI DWELL - APT BUILD       ,true,18-24,M,WHITE HISPANIC,45-64,M,WHITE HISPANIC,1024405,267090,40.899690845,-73.8547492
173354054,01/06/2018 12:00:00 AM,21:05:00,BRONX,47,0,MULTI DWELL - APT BUILD       ,false,25-44,M,BLACK,18-24,M,BLACK HISPANIC,1024405,267090,40.899690845,-73.8547492
173354054,01/06/2018 12:00:00 AM,21:05:00,BRONX,47,0,MULTI DWELL - APT BUILD       ,true,25-44,M,BLACK,18-24,M,BLACK HISPANIC,1024405,267090,40.899690845,-73.8547492
173354054,01/06/2018 12:00:00 AM,21:05:00,BRONX,47,0,MULTI DWELL - APT BUILD       ,false,25-44,M,BLACK,45-64,M,WHITE HISPANIC,1024405,267090,40.899690845,-73.8547492
173354054,01/06/2018 12:00:00 AM,21:05:00,BRONX,47,0,MULTI DWELL - APT BUILD       ,true,25-44,M,BLACK,45-64,M,WHITE HISPANIC,1024405,267090,40.899690845,-73.8547492
173354055,01/06/2018 12:00:00 AM,19:56:00,MANHATTAN,24,2,MULTI DWELL - PUBLIC HOUS     ,false,,,,18-24,M,BLACK,993870,230203,40.798533058,-73.965256022
173961271,01/06/2018 12:00:00 AM,03:30:00,BRONX,40,0,,false,,,,25-44,M,BLACK,1011026,236434,40.815600095,-73.90326732
173354353,01/05/2018 12:00:00 AM,23:31:00,BROOKLYN,77,0,GROCERY/BODEGA                ,false,25-44,M,BLACK,45-64,M,ASIAN / PACIFIC ISLANDER,1002717,184787,40.67386333,-73.933427175
173247368,01/03/2018 12:00:00 AM,21:44:00,BRONX,43,0,GROCERY/BODEGA                ,false,25-44,M,BLACK,25-44,M,BLACK HISPANIC,1020861,242240,40.831500621,-73.867704608
173247367,01/03/2018 12:00:00 AM,18:33:00,BRONX,44,0,MULTI DWELL - APT BUILD       ,false,18-24,M,BLACK HISPANIC,25-44,M,BLACK HISPANIC,1005507,241210,40.828723865,-73.923190768
173220452,01/03/2018 12:00:00 AM,14:41:00,BRONX,42,2,MULTI DWELL - PUBLIC HOUS     ,false,18-24,M,BLACK,18-24,F,BLACK,1011047,239814,40.824877175,-73.903177956
173200546,01/03/2018 12:00:00 AM,03:55:00,STATEN ISLAND,123,0,,false,25-44,M,BLACK HISPANIC,18-24,M,WHITE HISPANIC,920515,138386,40.546292372,-74.229330232
173154491,01/01/2018 12:00:00 AM,20:00:00,QUEENS,103,0,,false,,,,25-44,M,WHITE,1037506,195011,40.70178488,-73.807930903
173135654,01/01/2018 12:00:00 AM,06:30:00,BROOKLYN,70,0,BAR/NIGHT CLUB                ,false,,,,18-24,M,BLACK,996108,176259,40.650467172,-73.957267875
173135654,01/01/2018 12:00:00 AM,06:30:00,BROOKLYN,70,0,BAR/NIGHT CLUB                ,false,,,,25-44,M,BLACK,996108,176259,40.650467172,-73.957267875
173132280,01/01/2018 12:00:00 AM,01:30:00,BROOKLYN,73,0,,false,,,,25-44,M,BLACK,1009357,177370,40.653488974,-73.909517345
173154856,01/01/2018 12:00:00 AM,00:15:00,BRONX,40,0,,false,,,,25-44,M,BLACK,1005432,233240,40.806848639,-73.92348693
